code,year,population,life_exp,health_expenditure
ARG,2004,38815915,74.871,1041.893
ARG,2005,39216787,75.231,1173.883
ARG,2006,39622113,75.279,1272.771
ARG,2007,40016766,74.783,1413.069
ARG,2008,40424149,75.428,1537.76
ARG,2009,40854832,75.577,1643.76
ARG,2010,41288694,75.68,1780.712
ARG,2011,41730655,76.1,1895.262
ARG,2012,42161718,75.802,1942.246
ARG,2013,42582454,75.829,1955.837
ARG,2014,43024072,76.268,1859.764
ARG,2015,43477009,76.6,1986.572
ARG,2016,43900312,76.105,1729.939
ARG,2017,44288898,76.543,2037.97
ARG,2018,44654876,76.77,1783.826
ARG,2019,44973468,76.847,1698.412
ARG,2020,45191960,75.878,1617.303
AUS,2000,19132473,79.621,2743.373
AUS,2001,19365437,80.006,2857.745
AUS,2002,19595357,80.052,2991.203
AUS,2003,19819450,80.44,3134.231
AUS,2004,20046680,80.733,3336.89
AUS,2005,20294490,81.092,3397.453
AUS,2006,20590565,81.258,3525.739
AUS,2007,20954545,81.232,3660.746
AUS,2008,21370595,81.427,3806.53
AUS,2009,21783014,81.728,3886.496
AUS,2010,22141583,82.013,4009.337
AUS,2011,22479778,82.091,4138.934
AUS,2012,22852649,82.297,4137.163
AUS,2013,23236271,82.551,4179.616
AUS,2014,23595599,82.518,4637.524
AUS,2015,23947998,82.605,4776.158
AUS,2016,24329961,82.801,4896.125
AUS,2017,24731044,82.718,4992.317
AUS,2018,25119700,83.258,5071.227
AUS,2019,25482714,83.241,5083.313
AUS,2020,25743787,83.664,5467.369
AUS,2021,25956416,83.564,5838.528
AUS,2022,26200987,82.766,5449.61
AUT,2000,8012929,78.235,3922.568
AUT,2001,8042232,78.718,3968.92
AUT,2002,8081638,78.846,4071.034
AUT,2003,8122605,78.849,4144.123
AUT,2004,8173494,79.362,4301.619
AUT,2005,8229204,79.52,4341.386
AUT,2006,8269902,79.965,4417.409
AUT,2007,8296949,80.166,4558.6
AUT,2008,8323250,80.363,4691.891
AUT,2009,8345072,80.206,4791.647
AUT,2010,8365087,80.463,4823.752
AUT,2011,8393272,80.828,4802.025
AUT,2012,8431598,80.841,4879.844
AUT,2013,8481411,81.078,4877.253
AUT,2014,8547812,81.39,4921.109
AUT,2015,8644037,81.159,4943.516
AUT,2016,8737920,81.592,4994.509
AUT,2017,8798780,81.639,5048.819
AUT,2018,8841652,81.686,5116.377
AUT,2019,8880875,81.907,5223.387
AUT,2020,8921402,81.804,5287.385
AUT,2021,8967053,81.82,5838.001
AUT,2022,9064679,81.296,5683.874
BEL,2000,10251719,77.768,3264.102
BEL,2001,10287004,78.082,3338.825
BEL,2002,10332978,78.168,3454.365
BEL,2003,10376260,78.32,3828.355
BEL,2004,10421298,78.96,4000.011
BEL,2005,10478883,79.053,3992.685
BEL,2006,10548446,79.389,4002.669
BEL,2007,10625490,79.528,4094.101
BEL,2008,10709710,79.579,4215.434
BEL,2009,10812936,79.849,4421.128
BEL,2010,10936620,80.04,4446.138
BEL,2011,11038627,80.366,4466.859
BEL,2012,11107524,80.26,4526.452
BEL,2013,11160277,80.467,4562.32
BEL,2014,11210111,81.08,4638.964
BEL,2015,11275332,80.889,4817.917
BEL,2016,11332704,81.265,4879.136
BEL,2017,11376583,81.362,4930.062
BEL,2018,11428609,81.481,4998.042
BEL,2019,11490622,81.835,5069.769
BEL,2020,11540103,80.798,4959.216
BEL,2021,11570842,81.659,5198.929
BEL,2022,11641813,81.159,5200.518
BRA,2000,174018276,69.584,953.336
BRA,2001,176301200,69.98,974.763
BRA,2002,178503483,70.396,1018.677
BRA,2003,180622688,70.884,956.411
BRA,2004,182675143,71.361,1002.265
BRA,2005,184688101,71.832,1008.382
BRA,2006,186653099,72.296,1072.588
BRA,2007,188552310,72.73,1126.021
BRA,2008,190367297,73.111,1150.926
BRA,2009,192079956,73.457,1196.338
BRA,2010,193701931,73.779,1220.171
BRA,2011,195284736,74.047,1239.974
BRA,2012,196876114,74.335,1244.551
BRA,2013,198478291,74.609,1299.913
BRA,2014,200085126,74.823,1357.322
BRA,2015,201675534,75.106,1360.799
BRA,2016,203218108,75.081,1334.801
BRA,2017,204703440,75.383,1385.726
BRA,2018,206107265,75.633,1403.285
BRA,2019,207455459,75.809,1430.291
BRA,2020,208660845,74.506,1460.723
BGR,2003,7804406,72.373,796.587
BGR,2004,7749431,72.575,834.352
BGR,2005,7695047,72.559,894.934
BGR,2006,7640290,72.69,947.357
BGR,2007,7586895,73.008,984.021
BGR,2008,7535590,73.338,1082.909
BGR,2009,7488018,73.681,1135.35
BGR,2010,7437594,73.814,1229.447
BGR,2011,7380021,74.169,1296.571
BGR,2012,7317021,74.337,1368.839
BGR,2013,7264606,74.828,1306.659
BGR,2014,7223451,74.466,1422.118
BGR,2015,7177516,74.621,1436.625
BGR,2016,7127436,74.827,1528.965
BGR,2017,7075639,74.798,1597.685
BGR,2018,7024746,74.933,1635.541
BGR,2019,6975467,75.087,1696.683
BGR,2020,6933654,73.599,2034.903
BGR,2021,6877222,71.414,2232.605
CAN,2000,30891800,79.233,3007.375
CAN,2001,31213577,79.449,3152.335
CAN,2002,31535580,79.566,3263.498
CAN,2003,31836484,79.736,3391.756
CAN,2004,32132680,80.029,3541.106
CAN,2005,32440173,80.131,3643.872
CAN,2006,32759174,80.54,3857.096
CAN,2007,33092172,80.542,3994.891
CAN,2008,33449089,80.73,4137.03
CAN,2009,33826369,81.065,4266.407
CAN,2010,34196901,81.336,4419.747
CAN,2011,34555450,81.513,4421.042
CAN,2012,34922512,81.704,4495.806
CAN,2013,35293420,81.785,4505.53
CAN,2014,35634265,81.837,4519.204
CAN,2015,35962236,81.908,4633.159
CAN,2016,36353345,82.03,4749.982
CAN,2017,36808500,81.919,4843.318
CAN,2018,37294997,81.925,4914.716
CAN,2019,37782931,82.285,4967.721
CAN,2020,38171901,81.654,5463.847
CAN,2021,38454058,81.976,5684.725
CAN,2022,38821260,81.249,5330.794
CHL,2000,15503637,77.128,879.338
CHL,2001,15683853,77.58,903.477
CHL,2002,15857924,77.84,936.947
CHL,2003,16024753,77.884,986.973
CHL,2004,16187322,78.276,1047.952
CHL,2005,16348781,78.459,1079.674
CHL,2006,16509198,78.533,1125.019
CHL,2007,16671572,78.652,1202.663
CHL,2008,16838987,78.752,1227.674
CHL,2009,17009728,78.89,1430.035
CHL,2010,17181462,79.095,1357.868
CHL,2011,17351811,79.236,1419.095
CHL,2012,17519114,79.221,1507.854
CHL,2013,17687006,79.551,1626.813
CHL,2014,17864191,79.714,1711.599
CHL,2015,18047628,80.008,1833.552
CHL,2016,18267225,80.295,1905.661
CHL,2017,18558865,80.61,2065.677
CHL,2018,18893186,80.559,2129.104
CHL,2019,19197747,80.324,2137.651
CHL,2020,19370619,79.349,2102.721
CHL,2021,19456323,78.876,2326.994
CHL,2022,19553032,79.176,2234.293
CHN,2000,1269581164,72.288,160.079
CHN,2001,1278725057,72.675,162.588
CHN,2002,1286866839,73.034,181.869
CHN,2003,1294517315,73.385,200.712
CHN,2004,1302100319,73.727,213.273
CHN,2005,1310027138,74.085,230.754
CHN,2006,1318054037,74.404,244.068
CHN,2007,1325813580,74.789,258.101
CHN,2008,1333821009,74.833,296.842
CHN,2009,1342522709,75.317,360.186
CHN,2010,1351561511,75.668,382.572
CHN,2011,1360250657,75.889,427.785
CHN,2012,1369520865,76.2,485.997
CHN,2013,1379008046,76.452,539.691
CHN,2014,1387951973,76.714,583.041
CHN,2015,1396134164,76.975,641.134
CHN,2016,1404052626,77.214,683.152
CHN,2017,1412354742,77.235,736.561
CHN,2018,1419008963,77.709,798.145
CHN,2019,1423520354,77.94,880.918
CHN,2020,1426106083,78.019,945.304
COL,2000,39089939,70.905,487.398
COL,2001,39709264,71.185,507.035
COL,2002,40324683,71.537,488.075
COL,2003,40937426,72.309,509.746
COL,2004,41543177,72.76,543.831
COL,2005,42128977,73.156,597.082
COL,2006,42691081,73.497,658.753
COL,2007,43235374,73.751,712.454
COL,2008,43758804,74.206,788.525
COL,2009,44271541,74.531,839.612
COL,2010,44777325,74.876,849.984
COL,2011,45259614,75.18,870.625
COL,2012,45715807,75.611,889.65
COL,2013,46151584,75.834,957.478
COL,2014,46565426,75.95,1003.884
COL,2015,46969937,76.067,1035.02
COL,2016,47437513,76.228,1033.149
COL,2017,48131076,76.418,1070.306
COL,2018,49024463,76.579,1091.505
COL,2019,49907987,76.793,1136.317
COL,2020,50629997,74.757,1159.401
COL,2021,51188174,72.698,1328.741
COL,2022,51737944,76.508,1272.035
CRI,2000,3937737,77.317,807.644
CRI,2001,4008950,77.609,803.801
CRI,2002,4075712,77.939,854.214
CRI,2003,4138790,78.214,880.03
CRI,2004,4200080,78.512,854.352
CRI,2005,4261240,78.877,866.213
CRI,2006,4321339,79.049,945.004
CRI,2007,4380249,79.098,1005.228
CRI,2008,4440057,79.18,1090.42
CRI,2009,4499788,79.372,1174.574
CRI,2010,4555965,79.354,1249.23
CRI,2011,4609834,79.624,1291.024
CRI,2012,4663932,79.925,1292.124
CRI,2013,4716153,80.189,1295.67
CRI,2014,4767126,80.231,1333.9
CRI,2015,4818044,80.407,1382.59
CRI,2016,4867002,79.988,1381.179
CRI,2017,4913177,79.994,1366.064
CRI,2018,4957814,80.09,1426.988
CRI,2019,4999551,80.296,1435.406
CRI,2020,5034323,79.725,1473.31
CRI,2021,5059992,78.05,1518.311
CRI,2022,5081765,79.316,1461.377
HRV,2003,4306682,74.709,1255.558
HRV,2004,4310054,75.266,1363.74
HRV,2005,4313946,75.57,1490.712
HRV,2006,4315802,75.677,1591.78
HRV,2007,4315957,75.886,1808.77
HRV,2008,4314634,76.001,1909.359
HRV,2009,4310537,76.313,1873.937
HRV,2010,4301152,76.676,1826.184
HRV,2011,4280827,76.993,1702.419
HRV,2012,4259234,77.284,1655.024
HRV,2013,4242404,77.51,1407.877
HRV,2014,4219485,77.514,1454.201
HRV,2015,4183732,77.633,1522.75
HRV,2016,4136438,77.629,1612.192
HRV,2017,4079198,77.726,1670.485
HRV,2018,4024868,77.865,1764.219
HRV,2019,3986338,78.197,1864.596
HRV,2020,3953957,77.497,1942.171
HRV,2021,3924607,77.141,2353.031
CYP,2003,999602,78.908,1792.71
CYP,2004,1017877,79.007,1801.113
CYP,2005,1036156,79.198,1841.488
CYP,2006,1054425,79.456,1897.989
CYP,2007,1072726,79.798,1919.837
CYP,2008,1091028,79.906,2192.996
CYP,2009,1109377,80.375,2242.894
CYP,2010,1127825,80.632,2230.541
CYP,2011,1146492,80.855,2130.737
CYP,2012,1165402,81.128,2048.372
CYP,2013,1183899,81.317,2029.843
CYP,2014,1201807,81.337,2012.548
CYP,2015,1219504,81.464,2085.301
CYP,2016,1237116,81.534,2194.845
CYP,2017,1254273,81.543,2287.065
CYP,2018,1270743,81.556,2453.877
CYP,2019,1286669,81.454,2657.169
CYP,2020,1302250,81.23,2959.633
CYP,2021,1317312,80.573,3540.829
CZE,2000,10236809,74.978,1421.473
CZE,2001,10231941,75.314,1531.27
CZE,2002,10239474,75.442,1660.573
CZE,2003,10248907,75.396,1829.63
CZE,2004,10261454,75.942,1870.344
CZE,2005,10280158,76.156,1959.047
CZE,2006,10304594,76.708,1993.793
CZE,2007,10337541,76.919,2039.443
CZE,2008,10378296,77.172,2145.748
CZE,2009,10420986,77.258,2357.672
CZE,2010,10464035,77.568,2474.063
CZE,2011,10495508,77.814,2453.807
CZE,2012,10507338,77.998,2438.027
CZE,2013,10511164,78.169,2422.657
CZE,2014,10517222,78.744,2545.129
CZE,2015,10524419,78.561,2605.889
CZE,2016,10531947,78.974,2709.323
CZE,2017,10541343,78.926,2783.334
CZE,2018,10548935,78.961,2883.316
CZE,2019,10554871,79.185,3024.66
CZE,2020,10550130,78.237,3478.526
CZE,2021,10530683,77.234,3777.884
CZE,2022,10673216,79.165,3559.401
DNK,2000,5339660,76.815,3295.711
DNK,2001,5358825,76.974,3448.218
DNK,2002,5375966,77.099,3562.694
DNK,2003,5390622,77.401,3647.674
DNK,2004,5404594,77.785,3797.659
DNK,2005,5419551,78.226,3954.001
DNK,2006,5437421,78.223,4127.586
DNK,2007,5461604,78.349,4235.141
DNK,2008,5493766,78.714,4326.179
DNK,2009,5523168,78.957,4527.772
DNK,2010,5547866,79.247,4610.664
DNK,2011,5570846,79.786,4530.184
DNK,2012,5591912,80.082,4586.854
DNK,2013,5615334,80.306,4537.674
DNK,2014,5643793,80.632,4613.613
DNK,2015,5683698,80.739,4719.382
DNK,2016,5728198,80.881,4788.116
DNK,2017,5765168,81.112,4830.934
DNK,2018,5793825,80.991,4889.452
DNK,2019,5814619,81.434,4980.584
DNK,2020,5831530,81.546,5102.311
DNK,2021,5856773,81.436,5511.35
DNK,2022,5902898,81.291,5052.088
EST,2000,1397001,71.014,771.321
EST,2001,1388174,70.834,760.118
EST,2002,1379438,71.364,812.127
EST,2003,1370849,71.923,977.093
EST,2004,1362682,72.375,1095.135
EST,2005,1354847,73.028,1212.853
EST,2006,1346884,73.2,1293.002
EST,2007,1340709,73.153,1506.406
EST,2008,1337078,74.279,1615.269
EST,2009,1334528,75.152,1597.828
EST,2010,1331450,75.882,1562.696
EST,2011,1327366,76.346,1559.56
EST,2012,1322616,76.416,1623.242
EST,2013,1317921,77.252,1713.709
EST,2014,1314456,77.11,1815.828
EST,2015,1314581,77.665,1940.411
EST,2016,1315850,77.763,2030.575
EST,2017,1317432,78.181,2094.032
EST,2018,1321971,78.334,2204.848
EST,2019,1326821,78.773,2322.949
EST,2020,1329674,78.893,2557.038
EST,2021,1331750,77.409,2767.805
EST,2022,1350092,78.167,2549.787
FIN,2000,5176198,77.671,2772.219
FIN,2001,5187973,78.142,2901.562
FIN,2002,5200549,78.27,3056.9
FIN,2003,5212955,78.533,3192.421
FIN,2004,5228144,78.846,3346.994
FIN,2005,5246083,78.971,3507.854
FIN,2006,5266247,79.373,3598.026
FIN,2007,5288716,79.391,3695.19
FIN,2008,5313381,79.695,3794.943
FIN,2009,5338855,79.831,3793.862
FIN,2010,5363347,80.012,3839.263
FIN,2011,5388236,80.392,3921.543
FIN,2012,5413978,80.508,3990.47
FIN,2013,5439058,80.869,4031.569
FIN,2014,5461686,81.055,4000.191
FIN,2015,5479718,81.377,3992.493
FIN,2016,5495469,81.303,3989.822
FIN,2017,5508399,81.497,3999.575
FIN,2018,5515732,81.626,4027.918
FIN,2019,5521755,81.864,4141.861
FIN,2020,5529617,81.822,4261.464
FIN,2021,5541068,81.814,4671.623
FIN,2022,5569299,81.243,4644.606
FRA,2000,59483716,79.044,3526.84
FRA,2001,59905130,79.221,3613.812
FRA,2002,60327247,79.411,3763.229
FRA,2003,60741121,79.419,3785.368
FRA,2004,61175243,80.336,3879.698
FRA,2005,61625030,80.337,3933.151
FRA,2006,62049831,80.745,4070.462
FRA,2007,62432438,80.96,4136.373
FRA,2008,62780187,81.039,4188.152
FRA,2009,63106461,81.163,4392.678
FRA,2010,63417366,81.405,4430.937
FRA,2011,63733777,81.781,4463.562
FRA,2012,64058465,81.739,4499.591
FRA,2013,64387736,81.979,4547.409
FRA,2014,64692495,82.437,4630.472
FRA,2015,64916336,82.149,4670.174
FRA,2016,65086852,82.401,4737.82
FRA,2017,65284775,82.439,4770.115
FRA,2018,65519539,82.568,4761.083
FRA,2019,65729460,82.73,4799.531
FRA,2020,65905273,82.199,4822.598
FRA,2021,66083547,82.322,5234.485
FRA,2022,66277412,82.475,5248.809
DEU,2000,81797255,78.056,3996.437
DEU,2001,81933883,78.402,4039.885
DEU,2002,82068328,78.475,4137.83
DEU,2003,82111619,78.536,4198.632
DEU,2004,82092706,79.119,4155.693
DEU,2005,82046731,79.254,4235.908
DEU,2006,81701971,79.586,4313.138
DEU,2007,81298546,79.731,4399.596
DEU,2008,81110781,79.816,4508.684
DEU,2009,80935275,79.915,4740.473
DEU,2010,80830917,80.081,4840.343
DEU,2011,80857877,80.355,4859.456
DEU,2012,80916393,80.502,4909.321
DEU,2013,81041580,80.454,4992.68
DEU,2014,81376078,80.906,5129.092
DEU,2015,82077546,80.566,5299.105
DEU,2016,82760100,80.837,5431.309
DEU,2017,83104012,80.937,5591.291
DEU,2018,83368506,80.875,5718.985
DEU,2019,83559185,81.189,5913.439
DEU,2020,83628711,81.004,6216.242
DEU,2021,83697082,81.106,6505.642
DEU,2022,84086228,80.58,6448.205
GRC,2000,10782638,78.442,1904.204
GRC,2001,10843165,78.909,2182.303
GRC,2002,10890288,79.031,2341.367
GRC,2003,10918466,79.085,2551.716
GRC,2004,10947370,79.35,2550.261
GRC,2005,10981340,79.65,2686.691
GRC,2006,11016108,79.76,2736.49
GRC,2007,11045737,79.662,2862.094
GRC,2008,11076873,80.105,2978.89
GRC,2009,11108069,80.368,3048.815
GRC,2010,11124665,80.573,2964.499
GRC,2011,11108841,80.625,2529.111
GRC,2012,11048294,80.422,2274.202
GRC,2013,10967535,81.067,2113.634
GRC,2014,10893169,81.12,2005.094
GRC,2015,10820901,80.789,2122.934
GRC,2016,10775506,81.269,2188.035
GRC,2017,10753532,80.961,2128.62
GRC,2018,10730845,81.495,2155.338
GRC,2019,10718580,81.349,2219.081
GRC,2020,10699370,81.536,2349.558
GRC,2021,10579561,80.531,2494.88
GRC,2022,10412481,79.944,2524.784
HUN,2000,10190596,71.758,1309.579
HUN,2001,10166692,72.394,1394.86
HUN,2002,10138462,72.507,1541.873
HUN,2003,10108970,72.513,1827.492
HUN,2004,10085789,72.906,1835.248
HUN,2005,10065704,72.865,1950.395
HUN,2006,10049947,73.344,1982.008
HUN,2007,10034084,73.431,1825.292
HUN,2008,10016655,73.957,1803.945
HUN,2009,10001382,74.179,1732.471
HUN,2010,9979129,74.519,1800.031
HUN,2011,9946675,74.923,1834.11
HUN,2012,9916620,75.183,1768.771
HUN,2013,9889344,75.683,1787.088
HUN,2014,9862843,75.849,1843.414
HUN,2015,9839210,75.654,1891.248
HUN,2016,9810530,76.157,1973.286
HUN,2017,9785606,76.007,1992.278
HUN,2018,9774395,76.205,2070.485
HUN,2019,9770346,76.455,2077.868
HUN,2020,9749460,75.73,2330.736
HUN,2021,9707848,74.185,2520.192
HUN,2022,9684306,76.212,2393.19
ISL,2000,281294,79.549,3401.022
ISL,2001,285060,80.421,3442.439
ISL,2002,287609,80.278,3656.215
ISL,2003,289615,80.768,3775.228
ISL,2004,292171,80.721,3838.245
ISL,2005,296851,81.169,3901.805
ISL,2006,303883,80.938,3919.604
ISL,2007,311661,81.093,4009.263
ISL,2008,317519,81.244,3975.77
ISL,2009,318619,81.417,3727.289
ISL,2010,318163,81.594,3547.793
ISL,2011,319140,81.972,3514.927
ISL,2012,320847,82.346,3451.812
ISL,2013,323891,81.743,3503.22
ISL,2014,327516,82.43,3560.869
ISL,2015,330962,82.164,3733.352
ISL,2016,335572,81.829,3914.152
ISL,2017,343536,82.241,4081.741
ISL,2018,352861,82.453,4196.478
ISL,2019,360709,82.847,4276.944
ISL,2020,366626,82.711,4387.166
ISL,2021,372649,82.843,4636.237
ISL,2022,380368,81.588,4377.779
IND,2011,1261224952,67.623,164.048
IND,2012,1278674506,68.076,174.149
IND,2013,1295829506,68.499,203.259
IND,2014,1312277184,68.932,204.647
IND,2015,1328024492,69.326,213.974
IND,2016,1343944293,69.709,221.66
IND,2017,1359657392,70.068,196.893
IND,2018,1374659068,70.415,201.16
IND,2019,1389030303,70.746,209.744
IND,2020,1402617692,70.156,196.81
IDN,2010,246305326,68.364,246.529
IDN,2011,249470029,68.629,277.419
IDN,2012,252698526,68.862,276.52
IDN,2013,255852466,69.064,280.904
IDN,2014,258877397,69.292,299.612
IDN,2015,261799249,69.52,307.152
IDN,2016,264627428,69.733,327.223
IDN,2017,267346655,69.953,329.789
IDN,2018,269951847,70.08,340.569
IDN,2019,272489379,70.349,353.708
IDN,2020,274814864,68.817,392.716
IRL,2000,3802590,76.535,2260.344
IRL,2001,3862978,77.1,2589.488
IRL,2002,3928440,77.59,2806.953
IRL,2003,3992938,78.1,2978.251
IRL,2004,4066064,78.503,3151.848
IRL,2005,4155282,78.909,3489.459
IRL,2006,4268774,79.15,3524.591
IRL,2007,4393518,79.563,3674.953
IRL,2008,4485992,79.788,3917.192
IRL,2009,4533750,80.095,4267.307
IRL,2010,4559083,80.599,4264.646
IRL,2011,4579604,80.727,4301.879
IRL,2012,4600137,80.852,4340.09
IRL,2013,4624687,81.065,4244.719
IRL,2014,4658237,81.406,4201.451
IRL,2015,4702497,81.533,4309.173
IRL,2016,4753505,81.684,4432.058
IRL,2017,4810258,82.103,4538.349
IRL,2018,4872557,82.123,4666.14
IRL,2019,4933491,82.411,4810.376
IRL,2020,4982604,82.39,5220.927
IRL,2021,5028430,81.861,5396.4
IRL,2022,5110013,82.05,5353.01
ISR,2000,6111195,79.18,1820.302
ISR,2001,6259977,79.479,1900.182
ISR,2002,6387714,79.514,1845.075
ISR,2003,6502821,79.819,1805.787
ISR,2004,6615084,80.305,1838.835
ISR,2005,6728208,80.394,1900.746
ISR,2006,6844028,80.786,1898.562
ISR,2007,6962456,80.953,1964.258
ISR,2008,7082621,81.283,1969.171
ISR,2009,7206096,81.818,2010.698
ISR,2010,7336737,81.974,2042.995
ISR,2011,7471021,81.989,2067.046
ISR,2012,7607784,81.985,2145.206
ISR,2013,7749369,82.354,2183.965
ISR,2014,7897173,82.361,2254.693
ISR,2015,8052915,82.254,2310.019
ISR,2016,8210005,82.612,2410.747
ISR,2017,8361796,82.699,2479.593
ISR,2018,8510068,82.918,2537.197
ISR,2019,8657466,82.905,2594.309
ISR,2020,8800379,82.7,2709.211
ISR,2021,8942925,82.517,2992.038
ISR,2022,9103144,82.814,2948.262
ITA,2000,57272200,79.607,2796.104
ITA,2001,57305758,79.885,2925.413
ITA,2002,57420635,80.112,2988.275
ITA,2003,57739696,80.191,2969.235
ITA,2004,58176735,81.017,3122.205
ITA,2005,58519697,81.02,3186.713
ITA,2006,58754433,81.414,3249.498
ITA,2007,59108723,81.5,3177.732
ITA,2008,59561686,81.645,3253.068
ITA,2009,59904016,81.762,3279.97
ITA,2010,60164212,82.132,3285.591
ITA,2011,60367882,82.228,3225.122
ITA,2012,60531522,82.252,3103.005
ITA,2013,60653865,82.652,3014.507
ITA,2014,60664169,82.901,3039.695
ITA,2015,60575314,82.521,3088.931
ITA,2016,60478103,83.046,3116.922
ITA,2017,60390317,82.726,3146.659
ITA,2018,60277496,83.184,3184.772
ITA,2019,60130136,83.342,3238.381
ITA,2020,59912763,82.181,3326.225
ITA,2021,59729354,82.865,3463.07
ITA,2022,59619106,82.052,3324.336
JPN,2000,127027796,81.179,2743.482
JPN,2001,127260144,81.51,2827.47
JPN,2002,127484599,81.795,2869.357
JPN,2003,127671255,81.854,2947.926
JPN,2004,127815770,82.127,3015.52
JPN,2005,127913331,82.007,3103.422
JPN,2006,127997248,82.37,3132.228
JPN,2007,128087684,82.549,3202.328
JPN,2008,128155991,82.633,3240.373
JPN,2009,128192471,82.97,3433.473
JPN,2010,128185273,82.916,3591.725
JPN,2011,128096431,82.671,4113.839
JPN,2012,127928283,83.168,4242.314
JPN,2013,127723641,83.402,4325.866
JPN,2014,127486600,83.643,4360.78
JPN,2015,127275868,83.883,4515.556
JPN,2016,127159949,84.057,4550.328
JPN,2017,127064685,84.189,4614.764
JPN,2018,126913433,84.289,4664.726
JPN,2019,126699422,84.418,4767.422
JPN,2020,126304536,84.67,4611.2
JPN,2021,125679341,84.55,4827.076
JPN,2022,124997586,84.054,5014.375
LVA,2000,2368321,70.175,634.238
LVA,2001,2338300,69.906,722.622
LVA,2002,2311356,70.175,776.848
LVA,2003,2288983,70.636,800.741
LVA,2004,2264178,70.939,987.3
LVA,2005,2239787,70.632,1061.288
LVA,2006,2219038,70.55,1190.402
LVA,2007,2200772,70.789,1345.473
LVA,2008,2177711,71.999,1288.878
LVA,2009,2142043,72.697,1169.829
LVA,2010,2097834,73.028,1169.854
LVA,2011,2059940,73.718,1154.226
LVA,2012,2034639,73.939,1190.798
LVA,2013,2013004,74.187,1236.63
LVA,2014,1994153,74.306,1294.952
LVA,2015,1977874,74.665,1404.655
LVA,2016,1959864,74.757,1569.689
LVA,2017,1942599,74.8,1588.511
LVA,2018,1927586,74.979,1734.731
LVA,2019,1914267,75.628,1905.36
LVA,2020,1901119,75.478,2053.303
LVA,2021,1885592,73.181,2756.115
LVA,2022,1881058,74.871,2787.699
LTU,2000,3500410,72.139,822.393
LTU,2001,3473008,71.712,834.714
LTU,2002,3444051,71.839,918.699
LTU,2003,3415276,72.088,1035.11
LTU,2004,3376703,72.001,1018.095
LTU,2005,3322264,71.246,1179.432
LTU,2006,3269809,70.964,1345.518
LTU,2007,3231378,70.698,1519.414
LTU,2008,3198483,71.696,1681.525
LTU,2009,3163258,72.85,1575.837
LTU,2010,3097719,73.196,1535.943
LTU,2011,3028642,73.608,1598.51
LTU,2012,2988334,73.964,1633.028
LTU,2013,2958359,74.027,1675.613
LTU,2014,2933172,74.596,1777.562
LTU,2015,2905772,74.474,1917.088
LTU,2016,2869108,74.82,2040.575
LTU,2017,2829318,75.701,2108.448
LTU,2018,2802484,75.909,2237.032
LTU,2019,2795057,76.424,2492.981
LTU,2020,2795766,75.105,2631.759
LTU,2021,2794489,74.297,2937.319
LTU,2022,2816922,74.696,2824.841
LUX,2000,436142,77.263,4463.226
LUX,2001,441755,77.53,4786.054
LUX,2002,446393,77.552,5147.201
LUX,2003,451845,77.262,5315.573
LUX,2004,458307,78.658,5729.376
LUX,2005,465372,78.879,5752.037
LUX,2006,472871,78.838,5822.71
LUX,2007,480277,79.116,5725.245
LUX,2008,488995,80.107,5866.341
LUX,2009,498195,79.907,6363.158
LUX,2010,507418,80.099,6369.473
LUX,2011,518583,80.285,5263.179
LUX,2012,530952,80.438,4683.55
LUX,2013,543359,80.854,4698.023
LUX,2014,556285,81.236,4785.139
LUX,2015,569541,81.256,4692.311
LUX,2016,583511,81.62,4719.129
LUX,2017,596505,81.089,4711.4
LUX,2018,608108,81.519,4831.971
LUX,2019,620166,81.588,4982.187
LUX,2020,630597,81.411,5251.286
LUX,2021,640276,81.839,5641.542
LUX,2022,653316,82.201,5545.776
MLT,2003,408236,78.696,2001.694
MLT,2004,410800,79.166,2008.943
MLT,2005,413323,79.489,2206.119
MLT,2006,415463,79.561,2279.679
MLT,2007,417201,79.737,2223.898
MLT,2008,418969,79.69,2198.613
MLT,2009,420800,80.415,2169.113
MLT,2010,422652,81.398,2298.649
MLT,2011,424634,80.804,2412.753
MLT,2012,426616,81.064,2565.188
MLT,2013,428457,81.818,2821.84
MLT,2014,434494,82.318,2996.59
MLT,2015,444979,82.591,3215.5
MLT,2016,455273,82.657,3305.914
MLT,2017,467902,83.089,3498.984
MLT,2018,484559,82.908,3557.929
MLT,2019,504017,82.839,3922.876
MLT,2020,518213,82.336,4130.002
MEX,2000,98625554,72.562,748.052
MEX,2001,100099100,72.912,803.763
MEX,2002,101548627,73.106,836.271
MEX,2003,102978518,73.308,952.059
MEX,2004,104394132,73.432,1034.111
MEX,2005,105811502,73.627,1023.081
MEX,2006,107253666,73.746,1036.961
MEX,2007,108774357,73.796,1068.95
MEX,2008,110374285,73.695,1049.503
MEX,2009,111999721,73.628,1058.915
MEX,2010,113623897,73.718,1017.793
MEX,2011,115243504,73.921,1005.067
MEX,2012,116818209,74.128,1041.256
MEX,2013,118343571,74.289,1041.839
MEX,2014,119784263,74.404,1013.344
MEX,2015,121072310,74.431,1062.591
MEX,2016,122251345,74.376,1056.897
MEX,2017,123400054,74.261,1065.553
MEX,2018,124573714,74.301,1074.13
MEX,2019,125762977,74.53,1077.553
MEX,2020,126799052,70.449,1122.135
MEX,2021,127648152,69.75,1130.251
MEX,2022,128613113,73.973,1041.369
NLD,2000,16058758,78.13,3364.057
NLD,2001,16182705,78.338,3593.882
NLD,2002,16288060,78.412,3834.443
NLD,2003,16366914,78.665,3987.022
NLD,2004,16425561,79.239,4065.592
NLD,2005,16465707,79.488,4139.052
NLD,2006,16493851,79.847,4262.814
NLD,2007,16531360,80.255,4385.816
NLD,2008,16597257,80.387,4587.206
NLD,2009,16684147,80.671,4768.574
NLD,2010,16771232,80.829,4835.08
NLD,2011,16851061,81.11,4864.309
NLD,2012,16915191,81.059,4928.965
NLD,2013,16967065,81.301,4915.659
NLD,2014,17030087,81.65,4930.843
NLD,2015,17107427,81.49,4927.104
NLD,2016,17204694,81.555,5002.198
NLD,2017,17315375,81.737,5011.27
NLD,2018,17421284,81.781,5053.65
NLD,2019,17537506,82.053,5187.21
NLD,2020,17636732,81.393,5495.531
NLD,2021,17730564,81.356,5723.261
NLD,2022,17904422,81.912,5312.323
NZL,2000,3857576,78.668,2108.164
NZL,2001,3891763,78.662,2238.917
NZL,2002,3951114,78.866,2363.226
NZL,2003,4022585,79.141,2399.378
NZL,2004,4083911,79.355,2532.349
NZL,2005,4135004,80.031,2698.566
NZL,2006,4181942,80.015,2849.377
NZL,2007,4223268,80.122,2888.761
NZL,2008,4261819,80.246,3055.9
NZL,2009,4304304,80.545,3202.521
NZL,2010,4347767,81.052,3241.998
NZL,2011,4382702,80.842,3267.395
NZL,2012,4411682,81.167,3336.994
NZL,2013,4453859,81.612,3403.162
NZL,2014,4522977,81.411,3472
NZL,2015,4614037,81.587,3500.719
NZL,2016,4714768,82.003,3577.735
NZL,2017,4812748,81.605,3589.81
NZL,2018,4900844,81.884,3670.846
NZL,2019,4989412,81.832,3743.096
NZL,2020,5069893,82.663,3919.241
NZL,2021,5107696,82.3,4265.927
NZL,2022,5131733,81.006,4811.857
NOR,2000,4490866,78.692,3533.194
NOR,2001,4513652,78.896,3678.833
NOR,2002,4538014,78.96,4015.342
NOR,2003,4564666,79.529,4105.642
NOR,2004,4591740,79.965,4233.557
NOR,2005,4623119,80.169,4370.946
NOR,2006,4660485,80.44,4475.465
NOR,2007,4709017,80.502,4688.642
NOR,2008,4768099,80.677,4867.444
NOR,2009,4828624,80.865,4956.321
NOR,2010,4889160,81.039,5004.802
NOR,2011,4952968,81.245,5147.249
NOR,2012,5018456,81.446,5296.196
NOR,2013,5080125,81.668,5368.214
NOR,2014,5137397,82.087,5530.806
NOR,2015,5189776,82.273,5726.877
NOR,2016,5235977,82.415,5749.441
NOR,2017,5276806,82.624,5776.891
NOR,2018,5311751,82.76,5844.864
NOR,2019,5347735,82.955,5953.112
NOR,2020,5379274,83.195,5967.251
NOR,2021,5408081,83.166,6210.467
NOR,2022,5456795,82.631,6239.542
PER,2007,28530703,72.746,381.519
PER,2008,28719038,72.743,413.517
PER,2009,28896818,72.631,455.76
PER,2010,29086021,72.886,488.3
PER,2011,29304083,73.327,503.878
PER,2012,29550366,73.979,551.568
PER,2013,29817909,74.591,572.676
PER,2014,30115826,75.26,601.143
PER,2015,30457600,75.732,604.605
PER,2016,30866496,75.951,622.615
PER,2017,31324638,75.958,631.109
PER,2018,31897590,76.018,678.646
PER,2019,32449301,76.275,680.689
PER,2020,32838576,73.832,738.607
POL,2000,38258076,73.645,882.346
POL,2001,38247357,74.177,953.21
POL,2002,38229406,74.518,1031.852
POL,2003,38203525,74.772,1048.48
POL,2004,38167567,74.943,1091.498
POL,2005,38124377,75.127,1122.763
POL,2006,38071170,75.25,1190.986
POL,2007,38020420,75.414,1304.405
POL,2008,37995902,75.583,1468.184
POL,2009,38002154,75.906,1572.946
POL,2010,38095356,76.282,1577.94
POL,2011,38208644,76.568,1586.912
POL,2012,38247868,76.775,1590.632
POL,2013,38259266,77.076,1659.168
POL,2014,38265113,77.312,1693.712
POL,2015,38266314,77.589,1818.883
POL,2016,38263259,77.639,1935.106
POL,2017,38254964,77.716,2034.203
POL,2018,38241070,77.623,2056.189
POL,2019,38225884,77.921,2213.542
POL,2020,38171005,76.595,2202.632
POL,2021,38040304,75.639,2339.77
POL,2022,38385734,77.923,2488.808
PRT,2000,10283196,76.83,2350.691
PRT,2001,10354328,77.152,2376.655
PRT,2002,10413046,77.37,2434.36
PRT,2003,10454245,77.583,2493.364
PRT,2004,10481384,78.427,2639.802
PRT,2005,10502994,78.317,2681.32
PRT,2006,10524122,79.089,2636.059
PRT,2007,10546821,79.309,2673.392
PRT,2008,10564085,79.603,2750.652
PRT,2009,10576264,79.829,2882.594
PRT,2010,10578659,80.115,2879.56
PRT,2011,10557049,80.582,2717.303
PRT,2012,10513154,80.555,2576.386
PRT,2013,10458286,80.903,2528.338
PRT,2014,10406202,81.314,2552.361
PRT,2015,10370266,81.321,2635.561
PRT,2016,10346377,81.364,2735.426
PRT,2017,10330836,81.66,2805.527
PRT,2018,10325353,81.591,2927.606
PRT,2019,10343218,81.959,3061.136
PRT,2020,10370519,81.366,3129.934
PRT,2021,10390956,81.398,3466.606
PRT,2022,10417075,81.194,3480.329
ROU,2003,21593447,70.819,581.96
ROU,2004,21403214,71.096,670.744
ROU,2005,21213395,71.581,740.08
ROU,2006,21035734,72.169,772.104
ROU,2007,20870714,72.792,892.985
ROU,2008,20718744,73.216,1024.358
ROU,2009,20576923,73.457,1026.156
ROU,2010,20432576,73.579,1042.288
ROU,2011,20282008,74.288,872.353
ROU,2012,20158452,74.314,896.818
ROU,2013,20062914,74.918,1038.531
ROU,2014,19968180,74.765,1048.101
ROU,2015,19871018,74.737,1087.328
ROU,2016,19777049,75.021,1153.627
ROU,2017,19689406,75.024,1306.358
ROU,2018,19597874,75.103,1500.001
ROU,2019,19501543,75.329,1632.057
ROU,2020,19392469,74.046,1747.779
ROU,2021,19248159,72.74,1940.85
SVK,2000,5380001,73.139,1026.168
SVK,2001,5379439,73.571,1063.91
SVK,2002,5377685,73.765,1158.988
SVK,2003,5376198,73.819,1194.816
SVK,2004,5376039,74.217,1471.091
SVK,2005,5376696,74.156,1587.991
SVK,2006,5376847,74.416,1752.916
SVK,2007,5376995,74.495,2009.143
SVK,2008,5379125,74.864,2020.305
SVK,2009,5385074,75.218,2143.457
SVK,2010,5391857,75.496,2191.811
SVK,2011,5398104,76.018,2096.903
SVK,2012,5404877,76.176,2144.471
SVK,2013,5410422,76.514,2126.45
SVK,2014,5415237,76.848,1999.429
SVK,2015,5420279,76.65,2059.132
SVK,2016,5427262,77.216,2154.288
SVK,2017,5435704,77.22,2136.062
SVK,2018,5443230,77.265,2183.357
SVK,2019,5450626,77.686,2318.275
SVK,2020,5455028,76.864,2309.377
SVK,2021,5442767,74.59,2621.165
SVK,2022,5473194,77.036,2581.432
SVN,2000,1986818,75.83,1858.616
SVN,2001,1989685,76.181,1939.13
SVN,2002,1991573,76.316,2044.836
SVN,2003,1992502,76.317,2126.006
SVN,2004,1993549,76.932,2174.38
SVN,2005,1996914,77.503,2252.783
SVN,2006,2003113,77.82,2315.024
SVN,2007,2014161,78.285,2373.372
SVN,2008,2025090,78.595,2530.287
SVN,2009,2035611,79.027,2566.892
SVN,2010,2044612,79.301,2532.062
SVN,2011,2048805,79.588,2527.932
SVN,2012,2053321,79.765,2488.64
SVN,2013,2056452,80.088,2468.484
SVN,2014,2058396,80.252,2487.394
SVN,2015,2059947,80.499,2579.281
SVN,2016,2061379,80.512,2666.919
SVN,2017,2062410,80.616,2689.308
SVN,2018,2069484,80.861,2832.163
SVN,2019,2083436,81.007,3001.683
SVN,2020,2102419,80.364,3187.211
SVN,2021,2113495,80.434,3414.018
SVN,2022,2115230,80.793,3286.08
ZAF,2011,52995210,60.602,1136.278
ZAF,2012,53782569,61.737,1139.604
ZAF,2013,54678790,62.388,1160.833
ZAF,2014,55594838,63.184,1121.941
ZAF,2015,56723537,64.053,1151.605
ZAF,2016,57259550,64.749,1151.063
ZAF,2017,57635158,65.422,1140.722
ZAF,2018,58613000,65.726,1151.69
ZAF,2019,59587880,66.071,1168.778
ZAF,2020,60562374,65.15,1148.156
KOR,2000,46766659,76.235,906.454
KOR,2001,47043466,76.919,1033.958
KOR,2002,47299118,77.23,1032.032
KOR,2003,47514158,77.497,1128.535
KOR,2004,47697076,77.957,1172.624
KOR,2005,47851646,78.449,1282.878
KOR,2006,48006518,79.035,1408.354
KOR,2007,48178122,79.432,1522.259
KOR,2008,48356486,79.996,1619.579
KOR,2009,48546689,80.55,1772.205
KOR,2010,48769330,80.717,1947.717
KOR,2011,49127641,81.168,1991.796
KOR,2012,49599579,81.308,2054.887
KOR,2013,50071168,81.836,2151.355
KOR,2014,50539055,82.364,2293.278
KOR,2015,50983908,82.54,2465.926
KOR,2016,51297837,82.92,2656.41
KOR,2017,51486268,83.278,2810.438
KOR,2018,51640894,83.34,3031.268
KOR,2019,51767843,83.685,3316.783
KOR,2020,51858480,83.675,3372.837
KOR,2021,51848401,83.852,3944.446
KOR,2022,51782514,82.727,4223.628
ESP,2000,41019773,79.412,2122.535
ESP,2001,41245604,79.739,2193.464
ESP,2002,41755702,79.818,2259.606
ESP,2003,42506541,79.748,2559.89
ESP,2004,43234563,80.328,2637.894
ESP,2005,43958884,80.32,2734.973
ESP,2006,44695446,80.963,2847.554
ESP,2007,45516501,80.97,2932.442
ESP,2008,46235055,81.278,3043.115
ESP,2009,46635182,81.627,3175.834
ESP,2010,46840470,82.006,3130.52
ESP,2011,46998040,82.18,3054.155
ESP,2012,47018321,82.191,2914.989
ESP,2013,46860393,82.694,2840.593
ESP,2014,46720186,82.828,2883.152
ESP,2015,46683683,82.611,3019.529
ESP,2016,46732766,83,3053.918
ESP,2017,46868594,82.986,3130.828
ESP,2018,47092817,83.096,3197.016
ESP,2019,47435120,83.479,3296.513
ESP,2020,47679482,82.241,3450.01
ESP,2021,47735670,82.951,3641.873
ESP,2022,47828386,82.366,3632.969
SWE,2000,8872100,79.739,2790.724
SWE,2001,8896018,79.836,3033.381
SWE,2002,8925044,79.935,3179.618
SWE,2003,8958432,80.195,3245.695
SWE,2004,8993806,80.546,3274.567
SWE,2005,9029770,80.621,3342.849
SWE,2006,9080626,80.832,3443.949
SWE,2007,9148277,80.97,3534.601
SWE,2008,9219903,81.137,3592.131
SWE,2009,9298738,81.363,3667.61
SWE,2010,9378234,81.519,3639.65
SWE,2011,9449262,81.758,4632.172
SWE,2012,9519479,81.73,4702.303
SWE,2013,9600621,81.935,4777.724
SWE,2014,9696437,82.224,4880.42
SWE,2015,9799482,82.184,5004.13
SWE,2016,9923281,82.339,5070.4
SWE,2017,10057864,82.438,5091.078
SWE,2018,10175401,82.532,5177.359
SWE,2019,10279122,83.052,5184.229
SWE,2020,10353680,82.427,5255.061
SWE,2021,10416136,83.02,5506.738
SWE,2022,10487333,83.046,5309.833
CHE,2000,7184003,79.834,4543.22
CHE,2001,7226391,80.251,4769.968
CHE,2002,7278744,80.444,4944.481
CHE,2003,7333450,80.532,5035.696
CHE,2004,7384196,81.055,5172.537
CHE,2005,7431824,81.236,5191.861
CHE,2006,7478514,81.549,5151.272
CHE,2007,7545386,81.703,5256.996
CHE,2008,7641729,81.971,5375.368
CHE,2009,7737642,81.989,5561.899
CHE,2010,7825751,82.287,5563.512
CHE,2011,7914378,82.574,5678.678
CHE,2012,7998927,82.617,5779.036
CHE,2013,8091197,82.689,5962.55
CHE,2014,8190238,83.084,6029.355
CHE,2015,8283940,82.846,6258.916
CHE,2016,8374902,83.446,6408.625
CHE,2017,8453628,83.414,6396.715
CHE,2018,8516339,83.564,6345.23
CHE,2019,8577526,83.78,6548.326
CHE,2020,8640582,83.063,6705.251
CHE,2021,8707018,83.648,7020.862
CHE,2022,8792180,83.2,6927.356
TUR,2000,65425958,71.931,651.767
TUR,2001,66245126,72.271,673.833
TUR,2002,67048793,72.605,726.726
TUR,2003,67831736,72.906,748.981
TUR,2004,68592621,73.223,806.033
TUR,2005,69329555,73.51,853.959
TUR,2006,70045352,73.804,943.153
TUR,2007,70750595,74.129,991.401
TUR,2008,71562344,74.38,994.128
TUR,2009,72464845,74.679,985.811
TUR,2010,73346766,74.964,965.312
TUR,2011,74215200,74.823,987.092
TUR,2012,75197195,75.552,971.765
TUR,2013,76403032,76.171,1025.461
TUR,2014,78036154,76.452,1046.599
TUR,2015,80014221,76.539,1040.108
TUR,2016,81652086,76.595,1117.572
TUR,2017,83083668,77.037,1155.621
TUR,2018,84415966,77.454,1178.464
TUR,2019,85357671,77.737,1229.871
TUR,2020,86091691,76.525,1335.144
TUR,2021,86686255,75.722,1549.98
TUR,2022,87058470,77.591,1653.348
GBR,2000,59057336,77.849,2315.664
GBR,2001,59288095,78.121,2479.73
GBR,2002,59540763,78.237,2671.792
GBR,2003,59820385,78.33,2817.149
GBR,2004,60169964,78.9,2972.583
GBR,2005,60596108,79.106,3069.162
GBR,2006,61051093,79.347,3158.371
GBR,2007,61535860,79.534,3300.055
GBR,2008,62027303,79.655,3349.489
GBR,2009,62506221,80.156,3473.197
GBR,2010,63006484,80.391,3515.102
GBR,2011,63509285,80.796,3492.072
GBR,2012,63960487,80.859,3551.593
GBR,2013,64389386,80.923,3628.428
GBR,2014,64865914,81.153,3720.638
GBR,2015,65382107,80.919,3794.577
GBR,2016,65893359,81.067,3841.793
GBR,2017,66354474,81.164,3870.447
GBR,2018,66752473,81.123,3963.948
GBR,2019,67110958,81.443,4104.451
GBR,2020,67351860,80.385,4443.973
GBR,2021,67668789,80.708,4826.027
GBR,2022,68179315,81.074,4551.586
USA,2000,281484127,76.806,6079.524
USA,2001,284279629,76.919,6412.631
USA,2002,287084336,76.988,6877.728
USA,2003,289908091,77.137,7246.686
USA,2004,292786247,77.535,7484.33
USA,2005,295716665,77.526,7696.982
USA,2006,298730210,77.798,7915.234
USA,2007,301844227,78.047,8110.043
USA,2008,304970328,78.127,8105.268
USA,2009,308023451,78.476,8415.489
USA,2010,311062786,78.668,8506.66
USA,2011,314105078,78.702,8505.433
USA,2012,317115348,78.817,8629.069
USA,2013,320110753,78.817,8675.903
USA,2014,323115378,78.879,8949.265
USA,2015,326126498,78.722,9360.496
USA,2016,329179421,78.686,9634.001
USA,2017,332204656,78.648,9769.038
USA,2018,335056495,78.8,9933.547
USA,2019,337790068,78.916,10168.64
USA,2020,339436157,77.011,11031.29
USA,2021,340161441,76.384,10837.454
USA,2022,341534041,77.979,10331.449
